venue_name,venue_address,venue_lat,venue_lon,venue_website,title,description,event_type,days_text,time_window,tags,source_url
Parliament,2418 Allen St Dallas TX,32.7981,-96.7984,https://www.parliamentdallas.com/,Happy Hour,$5 Beers,deal,Mon–Sat,5pm-8pm,"drink, happy hour",https://www.dallasites101.com/blog/post/dallas-happy-hours-for-any-day-of-the-week/
Parliament,2418 Allen St Dallas TX,32.7981,-96.7984,https://www.parliamentdallas.com/,Happy Hour,$7 Wines,deal,Mon–Sat,5pm-8pm,"drink, happy hour",https://www.dallasites101.com/blog/post/dallas-happy-hours-for-any-day-of-the-week/
Parliament,2418 Allen St Dallas TX,32.7981,-96.7984,https://www.parliamentdallas.com/,Happy Hour,$6-$7 Cocktails,deal,Mon–Sat,5pm-8pm,"drink, happy hour",https://www.dallasites101.com/blog/post/dallas-happy-hours-for-any-day-of-the-week/
The Standard Pour,2900 Mckinney Ave Dallas TX,32.7999,-96.8007,http://www.tspdallas.com/,Happy Hour,$3-$5 Drink Specials,deal,Mon–Sun,5pm-7pm,"drink, happy hour",https://thescoutguide.com/dallas/editorial/the-best-dallas-happy-hours-2025/
Old Monk,2847 N Henderson Ave Dallas TX,32.8201,-96.7849,https://oldmonkdallas.com/,Happy Hour,$7 House Cocktails,deal,Mon–Fri,3pm-7pm,"drink, happy hour",https://www.dallasobserver.com/food-drink/best-happy-hour-in-dallas-texas-19774239/
Happiest Hour,2616 Olive St Dallas TX,32.7911,-96.8066,https://www.happiesthourdallas.com/,Happy Hour,Half Priced Happytizers,deal,Mon–Fri,4pm-6pm,"food, happy hour",https://www.happiesthourdallas.com/
Happiest Hour,2616 Olive St Dallas TX,32.7911,-96.8066,https://www.happiesthourdallas.com/,Happy Hour,$7 Select Cocktails,deal,Mon–Fri,4pm-6pm,"drink, happy hour",https://www.happiesthourdallas.com/
Happiest Hour,2616 Olive St Dallas TX,32.7911,-96.8066,https://www.happiesthourdallas.com/,Happy Hour,$7 Select Beers,deal,Mon–Fri,4pm-6pm,"drink, happy hour",https://www.happiesthourdallas.com/
Happiest Hour,2616 Olive St Dallas TX,32.7911,-96.8066,https://www.happiesthourdallas.com/,Happy Hour,$7 Select Wines,deal,Mon–Fri,4pm-6pm,"drink, happy hour",https://www.happiesthourdallas.com/
Tiny Victories,604 N Tyler St Dallas TX,32.7497,-96.8374,https://tinyvictoriesbar.com/,Happy Hour,Half Priced Cocktails,deal,Wed–Sat,4pm-7pm,"drink, happy hour",https://www.dallasobserver.com/food-drink/best-happy-hour-in-dallas-texas-19774239/
Tiny Victories,604 N Tyler St Dallas TX,32.7497,-96.8374,https://tinyvictoriesbar.com/,Happy Hour,Half Priced Beer,deal,Wed–Sat,4pm-7pm,"drink, happy hour",https://www.dallasobserver.com/food-drink/best-happy-hour-in-dallas-texas-19774239/
Tiny Victories,604 N Tyler St Dallas TX,32.7497,-96.8374,https://tinyvictoriesbar.com/,Happy Hour,Half Priced Wine,deal,Wed–Sat,4pm-7pm,"drink, happy hour",https://www.dallasobserver.com/food-drink/best-happy-hour-in-dallas-texas-19774239/
The Henry,2301 N Akard St Ste 250 Dallas TX,32.7892,-96.8055,https://www.thehenryrestaurant.com/locations/dallas/,Happy Hour,$6-$9 Cocktails,deal,Mon–Fri,3pm-6pm,"drink, happy hour",https://www.dmagazine.com/guides/the-best-happy-hours-in-dallas/
The Henry,2301 N Akard St Ste 250 Dallas TX,32.7892,-96.8055,https://www.thehenryrestaurant.com/locations/dallas/,Happy Hour,$6-$9 Wine,deal,Mon–Fri,3pm-6pm,"drink, happy hour",https://www.dmagazine.com/guides/the-best-happy-hours-in-dallas/
The Henry,2301 N Akard St Ste 250 Dallas TX,32.7892,-96.8055,https://www.thehenryrestaurant.com/locations/dallas/,Happy Hour,$6-$9 Bites,deal,Mon–Fri,3pm-6pm,"food, happy hour",https://www.dmagazine.com/guides/the-best-happy-hours-in-dallas/
Bowen House,2614 Boll St Dallas TX,32.7978,-96.8019,https://www.bowenhousedallas.com/,Happy Hour,Select Cocktail Specials,deal,Tue–Fri,5pm-7pm,"drink, happy hour",https://shopbarlife.com/blogs/articles/uptown-dallas-happy-hour-best-bars-specials
Bowen House,2614 Boll St Dallas TX,32.7978,-96.8019,https://www.bowenhousedallas.com/,Happy Hour,Select Wine Specials,deal,Tue–Fri,5pm-7pm,"drink, happy hour",https://shopbarlife.com/blogs/articles/uptown-dallas-happy-hour-best-bars-specials
The Libary Bar,3015 Oak Lawn Ave Dallas TX,32.8089,-96.8094,https://www.librarybar.com/,Happy Hour,Wine Specials,deal,Mon–Fri,4pm-7pm,"drink, happy hour",https://www.yelp.com/search?find_desc=Upscale+Happy+Hour&find_loc=Dallas%2C+TX
The Libary Bar,3015 Oak Lawn Ave Dallas TX,32.8089,-96.8094,https://www.librarybar.com/,Happy Hour,Cocktail Specials,deal,Mon–Fri,4pm-7pm,"drink, happy hour",https://www.yelp.com/search?find_desc=Upscale+Happy+Hour&find_loc=Dallas%2C+TX
Sixty Vines,500 Crescent Ct Dallas TX,32.7944,-96.8047,https://sixtyvines.com/location/dallas-tx/,Happy Hour,$3 off Select Wine Pours,deal,Mon–Fri,2pm-6pm,"drink, happy hour",https://www.yelp.com/search?find_desc=Happy+Hour&find_loc=Uptown%2C+Dallas%2C+TX
Sixty Vines,500 Crescent Ct Dallas TX,32.7944,-96.8047,https://sixtyvines.com/location/dallas-tx/,Happy Hour,$3 off Speciality Cocktails,deal,Mon–Fri,2pm-6pm,"drink, happy hour",https://www.yelp.com/search?find_desc=Happy+Hour&find_loc=Uptown%2C+Dallas%2C+TX
Sixty Vines,500 Crescent Ct Dallas TX,32.7944,-96.8047,https://sixtyvines.com/location/dallas-tx/,Happy Hour,$2 off Shared Plates,deal,Mon–Fri,2pm-6pm,"food, happy hour",https://www.yelp.com/search?find_desc=Happy+Hour&find_loc=Uptown%2C+Dallas%2C+TX
Las Palmas Tex‑Mex,2708 Routh St Dallas TX,32.7975,-96.8026,https://laspalmasdallas.com/,Happy Hour,$8.50 Select Cocktails,deal,Mon–Fri,2pm-6pm,"drink, happy hour",https://laspalmasdallas.com/food-menu/
Las Palmas Tex‑Mex,2708 Routh St Dallas TX,32.7975,-96.8026,https://laspalmasdallas.com/,Happy Hour,$9.25 Select Dishes,deal,Mon–Fri,2pm-6pm,"food, happy hour",https://laspalmasdallas.com/food-menu/
Katy Trail Ice House,3127 Routh St Dallas TX,32.8007,-96.8074,https://katytrailicehouse.com/,Happy Hour,$1-$2 off Drafts,deal,Mon–Fri,3pm-6pm,"drink, happy hour",https://www.dmagazine.com/guides/the-best-happy-hours-in-dallas/
Katy Trail Ice House,3127 Routh St Dallas TX,32.8007,-96.8074,https://katytrailicehouse.com/,Happy Hour,$1-$2 off Wells,deal,Mon–Fri,3pm-6pm,"drink, happy hour",https://www.dmagazine.com/guides/the-best-happy-hours-in-dallas/
Barcelona Wine Bar,5016 Miller Ave Dallas TX,32.8211,-96.7845,https://barcelonawinebar.com/location/knox-henderson/,Happy Hour,$7 Mini Martinis,deal,Mon–Fri,4pm-6pm,"drink, happy hour",https://barcelonawinebar.com/media/Knox-Happy-Hour-4.5.23.pdf
Barcelona Wine Bar,5016 Miller Ave Dallas TX,32.8211,-96.7845,https://barcelonawinebar.com/location/knox-henderson/,Happy Hour,Discounted Tapas,deal,Mon–Fri,4pm-6pm,"food, happy hour",https://barcelonawinebar.com/media/Knox-Happy-Hour-4.5.23.pdf
Birdie's Eastside,6221 E Mockingbird Ln Dallas TX,32.8369,-96.7575,https://www.birdieseastside.com/,Happy Hour,$7 House Margs & Slushies,deal,Mon–Fri,3pm-6pm,"drink, happy hour",https://www.dallasites101.com/blog/post/dallas-happy-hours-for-any-day-of-the-week/
Birdie's Eastside,6221 E Mockingbird Ln Dallas TX,32.8369,-96.7575,https://www.birdieseastside.com/,Happy Hour,$2 off Drafts,deal,Mon–Fri,3pm-6pm,"drink, happy hour",https://www.dallasites101.com/blog/post/dallas-happy-hours-for-any-day-of-the-week/
Birdie's Eastside,6221 E Mockingbird Ln Dallas TX,32.8369,-96.7575,https://www.birdieseastside.com/,Happy Hour,$3 off Wine,deal,Mon–Fri,3pm-6pm,"drink, happy hour",https://www.dallasites101.com/blog/post/dallas-happy-hours-for-any-day-of-the-week/
Bowl & Barrel,8084 Park Ln Ste 145 Dallas TX,32.8701,-96.7673,https://www.bowlandbarrel.com/,Happy Hour,$3-$5 Select Drinks,deal,Daily,3pm-6pm,"drink, happy hour",https://www.dallasites101.com/blog/post/dallas-happy-hours-for-any-day-of-the-week/
Bowl & Barrel,8084 Park Ln Ste 145 Dallas TX,32.8701,-96.7673,https://www.bowlandbarrel.com/,Happy Hour,$3–$5 Select Bites,deal,Daily,3pm-6pm,"food, happy hour",https://www.dallasites101.com/blog/post/dallas-happy-hours-for-any-day-of-the-week/
Halcyon,2900 Greenville Ave Dallas TX,32.8239,-96.7699,https://www.halcyoncoffeebar.com/greenville,Happy Hour,$5 Beers,deal,Daily,3pm-7pm,"drink, happy hour",https://www.halcyoncoffeebar.com/greenville
Halcyon,2900 Greenville Ave Dallas TX,32.8239,-96.7699,https://www.halcyoncoffeebar.com/greenville,Happy Hour,$7 Cocktails,deal,Daily,3pm-7pm,"drink, happy hour",https://www.halcyoncoffeebar.com/greenville
Halcyon,2900 Greenville Ave Dallas TX,32.8239,-96.7699,https://www.halcyoncoffeebar.com/greenville,Happy Hour,$2 off Wine,deal,Daily,3pm-7pm,"drink, happy hour",https://www.halcyoncoffeebar.com/greenville
Halcyon,2900 Greenville Ave Dallas TX,32.8239,-96.7699,https://www.halcyoncoffeebar.com/greenville,Happy Hour,$2 off Mimosas,deal,Daily,3pm-7pm,"drink, happy hour",https://www.halcyoncoffeebar.com/greenville
Halcyon,2900 Greenville Ave Dallas TX,32.8239,-96.7699,https://www.halcyoncoffeebar.com/greenville,Happy Hour,Happy Hour Bites,deal,Mon–Fri,3pm-7pm,"food, happy hour",https://www.halcyoncoffeebar.com/greenville
HERO by HG,3090 Nowitzki Way Dallas TX,32.7893,-96.8096,https://www.herobyhg.com/,Happy Hour,$5 & Under Drinks,deal,Daily,3pm-6pm,"drink, happy hour",https://www.dallasites101.com/blog/post/dallas-happy-hours-for-any-day-of-the-week/
HERO by HG,3090 Nowitzki Way Dallas TX,32.7893,-96.8096,https://www.herobyhg.com/,Happy Hour,$10 Burgers & Sandwiches,deal,Daily,3pm-6pm,"food, happy hour",https://www.dallasites101.com/blog/post/dallas-happy-hours-for-any-day-of-the-week/
HERO by HG,3090 Nowitzki Way Dallas TX,32.7893,-96.8096,https://www.herobyhg.com/,Happy Hour,$5 & Under Appitizers,deal,Daily,3pm-6pm,"food, happy hour",https://www.dallasites101.com/blog/post/dallas-happy-hours-for-any-day-of-the-week/
Haywire Uptown,1920 McKinney Ave Ste 100 Dallas TX,32.8046,-96.7993,https://www.haywirerestaurant.com/whats-happening/uptown-dallas/happy-hour-at-haywire-uptown,Happy Hour,$7 Drinks (e.g., house wine, frozen Texas tea),deal,Mon–Fri,2pm-6pm,"drink, happy hour",https://www.haywirerestaurant.com/whats-happening/uptown-dallas/happy-hour-at-haywire-uptown
Haywire Uptown,1920 McKinney Ave Ste 100 Dallas TX,32.8046,-96.7993,https://www.haywirerestaurant.com/whats-happening/uptown-dallas/happy-hour-at-haywire-uptown,Happy Hour,$7 Bites (mini elk tacos, sliders, queso),deal,Mon–Fri,2pm-6pm,"food, happy hour",https://www.haywirerestaurant.com/whats-happening/uptown-dallas/happy-hour-at-haywire-uptown
Uchi,2817 Maple Ave Dallas TX,32.7905,-96.8034,https://uchi.uchirestaurants.com/location/sushi-dallas/,Happy Hour,$7–$11 Sake,deal,Daily,4pm-6pm,"drink, happy hour",https://uchi.uchirestaurants.com/location/sushi-dallas/
Uchi,2817 Maple Ave Dallas TX,32.7905,-96.8034,https://uchi.uchirestaurants.com/location/sushi-dallas/,Happy Hour,$9 Wine,deal,Daily,4pm-6pm,"drink, happy hour",https://uchi.uchirestaurants.com/location/sushi-dallas/
Uchi,2817 Maple Ave Dallas TX,32.7905,-96.8034,https://uchi.uchirestaurants.com/location/sushi-dallas/,Happy Hour,$6 Beer,deal,Daily,4pm-6pm,"drink, happy hour",https://uchi.uchirestaurants.com/location/sushi-dallas/
Uchi,2817 Maple Ave Dallas TX,32.7905,-96.8034,https://uchi.uchirestaurants.com/location/sushi-dallas/,Happy Hour,$8–$10 Sushi,deal,Daily,4pm-6pm,"food, happy hour",https://uchi.uchirestaurants.com/location/sushi-dallas/
Uchi,2817 Maple Ave Dallas TX,32.7905,-96.8034,https://uchi.uchirestaurants.com/location/sushi-dallas/,Happy Hour,$7-$18 Tastings,deal,Daily,4pm-6pm,"food, happy hour",https://uchi.uchirestaurants.com/location/sushi-dallas/
Uchibā,2817 Maple Ave Floor 2 Dallas TX,32.7968,-96.8065,https://uchiba.uchirestaurants.com/location/sushi-dallas/,Happy Hour,$10 Cocktails,deal,Daily,5pm-6:30pm,"drink, happy hour",https://uchiba.uchirestaurants.com/location/sushi-dallas/
Uchibā,2817 Maple Ave Floor 2 Dallas TX,32.7968,-96.8065,https://uchiba.uchirestaurants.com/location/sushi-dallas/,Happy Hour,$8 Wine,deal,Daily,5pm-6:30pm,"drink, happy hour",https://uchiba.uchirestaurants.com/location/sushi-dallas/
Uchibā,2817 Maple Ave Floor 2 Dallas TX,32.7968,-96.8065,https://uchiba.uchirestaurants.com/location/sushi-dallas/,Happy Hour,$6 Beer,deal,Daily,5pm-6:30pm,"drink, happy hour",https://uchiba.uchirestaurants.com/location/sushi-dallas/
Uchibā,2817 Maple Ave Floor 2 Dallas TX,32.7968,-96.8065,https://uchiba.uchirestaurants.com/location/sushi-dallas/,Happy Hour,$7-$13 Tastings,deal,Daily,5pm-6:30pm,"food, happy hour",https://uchiba.uchirestaurants.com/location/sushi-dallas/
HG Sply Co.,2008 Greenville Ave Dallas TX,32.8141,-96.7698,https://www.hgsplyco.com/dallas,Happy Hour,Half-Price Select Cocktails,deal,Mon–Fri,3pm-6pm,"drink, happy hour",https://www.dallasites101.com/blog/post/dallas-happy-hours-for-any-day-of-the-week/
HG Sply Co.,2008 Greenville Ave Dallas TX,32.8141,-96.7698,https://www.hgsplyco.com/dallas,Happy Hour,$7 House Wine,deal,Mon–Fri,3pm-6pm,"drink, happy hour",https://www.dallasites101.com/blog/post/dallas-happy-hours-for-any-day-of-the-week/
HG Sply Co.,2008 Greenville Ave Dallas TX,32.8141,-96.7698,https://www.hgsplyco.com/dallas,Happy Hour,$4 Drafts,deal,Mon–Fri,3pm-6pm,"drink, happy hour",https://www.dallasites101.com/blog/post/dallas-happy-hours-for-any-day-of-the-week/
HG Sply Co.,2008 Greenville Ave Dallas TX,32.8141,-96.7698,https://www.hgsplyco.com/dallas,Happy Hour,Half-Off Appitizers,deal,Mon–Fri,3pm-6pm,"food, happy hour",https://www.dallasites101.com/blog/post/dallas-happy-hours-for-any-day-of-the-week/
Doughbird,5560 W Lovers Ln Dallas TX,32.8501,-96.8182,https://www.eatdoughbird.com/locations/dallas-tx/,Happy Hour,$8 Cocktails,deal,Mon–Fri,3pm-6pm,"drink, happy hour",https://www.dallasites101.com/blog/post/doughbird-dallas-inwood-village-pizza-chicken-restaurant-happy-hour/
Doughbird,5560 W Lovers Ln Dallas TX,32.8501,-96.8182,https://www.eatdoughbird.com/locations/dallas-tx/,Happy Hour,Half off Beer,deal,Mon–Fri,3pm-6pm,"drink, happy hour",https://www.dallasites101.com/blog/post/doughbird-dallas-inwood-village-pizza-chicken-restaurant-happy-hour/
Doughbird,5560 W Lovers Ln Dallas TX,32.8501,-96.8182,https://www.eatdoughbird.com/locations/dallas-tx/,Happy Hour,Half off Wine,deal,Mon–Fri,3pm-6pm,"drink, happy hour",https://www.dallasites101.com/blog/post/doughbird-dallas-inwood-village-pizza-chicken-restaurant-happy-hour/
Doughbird,5560 W Lovers Ln Dallas TX,32.8501,-96.8182,https://www.eatdoughbird.com/locations/dallas-tx/,Happy Hour,$8-$10 Bites,deal,Mon–Fri,3pm-6pm,"food, happy hour",https://www.dallasites101.com/blog/post/doughbird-dallas-inwood-village-pizza-chicken-restaurant-happy-hour/
Goodwins,2905 Greenville Ave Dallas TX,32.8236,-96.7703,https://www.goodwinsdallas.com/,Happy Hour,$10 Martinis,deal,Mon–Sun,11am-2pm,"drink, happy hour",https://www.dallasites101.com/blog/post/dallas-happy-hours-for-any-day-of-the-week/
Goodwins,2905 Greenville Ave Dallas TX,32.8236,-96.7703,https://www.goodwinsdallas.com/,Happy Hour,$10 Old Fashioneds,deal,Mon–Sun,11am-2pm,"drink, happy hour",https://www.dallasites101.com/blog/post/dallas-happy-hours-for-any-day-of-the-week/
Goodwins,2905 Greenville Ave Dallas TX,32.8236,-96.7703,https://www.goodwinsdallas.com/,Happy Hour,$8 Wines,deal,Mon–Fri,3pm-6pm,"drink, happy hour",https://www.dallasites101.com/blog/post/dallas-happy-hours-for-any-day-of-the-week/
Goodwins,2905 Greenville Ave Dallas TX,32.8236,-96.7703,https://www.goodwinsdallas.com/,Happy Hour,$10 Cocktails,deal,Mon–Fri,3pm-6pm,"drink, happy hour",https://www.dallasites101.com/blog/post/dallas-happy-hours-for-any-day-of-the-week/
Goodwins,2905 Greenville Ave Dallas TX,32.8236,-96.7703,https://www.goodwinsdallas.com/,Happy Hour,$6 Drafts,deal,Mon–Fri,3pm-6pm,"drink, happy hour",https://www.dallasites101.com/blog/post/dallas-happy-hours-for-any-day-of-the-week/
Goodwins,2905 Greenville Ave Dallas TX,32.8236,-96.7703,https://www.goodwinsdallas.com/,Happy Hour,$10 Bites,deal,Mon–Fri,3pm-6pm,"food, happy hour",https://www.dallasites101.com/blog/post/dallas-happy-hours-for-any-day-of-the-week/
Quarter Bar,3301 McKinney Ave Dallas TX,32.8046,-96.7993,https://www.quarterbardallas.com/,Happy Hour,$3.50 Wells,deal,Mon–Fri,3pm-7pm,"drink, happy hour",https://www.quarterbardallas.com/specials
Quarter Bar,3301 McKinney Ave Dallas TX,32.8046,-96.7993,https://www.quarterbardallas.com/,Happy Hour,$4 Domestic Bottles,deal,Mon–Fri,3pm-7pm,"drink, happy hour",https://www.quarterbardallas.com/specials
Quarter Bar,3301 McKinney Ave Dallas TX,32.8046,-96.7993,https://www.quarterbardallas.com/,Happy Hour,$6 Drafts,deal,Mon–Fri,3pm-7pm,"drink, happy hour",https://www.quarterbardallas.com/specials
Quarter Bar,3301 McKinney Ave Dallas TX,32.8046,-96.7993,https://www.quarterbardallas.com/,Happy Hour,$6 Frozen Lemonade,deal,Mon–Fri,3pm-7pm,"drink, happy hour",https://www.quarterbardallas.com/specials
Restaurant Beatrice,1111 N Beckley Ave Dallas TX,32.7569,-96.8232,https://www.restaurantbeatrice.com/,Happy Hour,$4 Drafts,deal,Tue–Fri,5pm-6pm,"drink, happy hour",https://dallas.eater.com/maps/dallas-best-happy-hours-where-to-drink-cheap
Restaurant Beatrice,1111 N Beckley Ave Dallas TX,32.7569,-96.8232,https://www.restaurantbeatrice.com/,Happy Hour,Half off Oysters,deal,Tue–Fri,5pm-6pm,"food, happy hour",https://dallas.eater.com/maps/dallas-best-happy-hours-where-to-drink-cheap
Partenope Ristorante,1903 Main St Dallas TX,32.7816,-96.7955,https://www.partenopepizza.com/,Happy Hour,$5 Peronis,deal,Mon–Fri,4pm-6pm,"drink, happy hour",https://dallas.eater.com/maps/dallas-best-happy-hours-where-to-drink-cheap
Partenope Ristorante,1903 Main St Dallas TX,32.7816,-96.7955,https://www.partenopepizza.com/,Happy Hour,$6 Small Bites,deal,Mon–Fri,4pm-6pm,"food, happy hour",https://dallas.eater.com/maps/dallas-best-happy-hours-where-to-drink-cheap
The Saint,2633 Gaston Ave Dallas TX,32.7863,-96.7870,https://www.thesaintdallas.com/,Happy Hour,$1.50 Oysters,deal,Tue–Sun,5pm-6pm,"food, happy hour",https://dallas.eater.com/maps/dallas-best-happy-hours-where-to-drink-cheap
The Saint,2633 Gaston Ave Dallas TX,32.7863,-96.7870,https://www.thesaintdallas.com/,Happy Hour,$10 Signature Cocktails,deal,Tue–Sun,5pm-6pm,"drink, happy hour",https://dallas.eater.com/maps/dallas-best-happy-hours-where-to-drink-cheap
Mercat Bistro,2501 N Harwood St Dallas TX,32.7918,-96.8061,https://mercatbistro.com/,Happy Hour,$3 Peronis,deal,Daily,3pm-6pm,"drink, happy hour",https://dallas.eater.com/maps/dallas-best-happy-hours-where-to-drink-cheap
Mercat Bistro,2501 N Harwood St Dallas TX,32.7918,-96.8061,https://mercatbistro.com/,Happy Hour,$6 Bites,deal,Daily,3pm-6pm,"food, happy hour",https://dallas.eater.com/maps/dallas-best-happy-hours-where-to-drink-cheap
City Tavern,1402 Main St Dallas TX,32.7813,-96.7990,https://www.citytavern.com/,Happy Hour,$2 off TX Spirits,deal,Mon–Fri,3pm-7pm,"drink, happy hour",https://www.dmagazine.com/guides/the-best-happy-hours-in-dallas/
City Tavern,1402 Main St Dallas TX,32.7813,-96.7990,https://www.citytavern.com/,Happy Hour,$2 off Beer,deal,Mon–Fri,3pm-7pm,"drink, happy hour",https://www.dmagazine.com/guides/the-best-happy-hours-in-dallas/
City Tavern,1402 Main St Dallas TX,32.7813,-96.7990,https://www.citytavern.com/,Happy Hour,$5 House Wine,deal,Mon–Fri,3pm-7pm,"drink, happy hour",https://www.dmagazine.com/guides/the-best-happy-hours-in-dallas/
City Tavern,1402 Main St Dallas TX,32.7813,-96.7990,https://www.citytavern.com/,Happy Hour,$7-$10 Snacks,deal,Mon–Fri,3pm-7pm,"food, happy hour",https://www.dmagazine.com/guides/the-best-happy-hours-in-dallas/
Dakota's Steakhouse,600 N Akard St Dallas TX,32.7850,-96.8006,https://www.dakotassteakhouse.com/,Happy Hour,$6 Wells,deal,Mon–Fri,4pm-6pm,"drink, happy hour",https://www.dmagazine.com/guides/the-best-happy-hours-in-dallas/
Dakota's Steakhouse,600 N Akard St Dallas TX,32.7850,-96.8006,https://www.dakotassteakhouse.com/,Happy Hour,$6 Drafts,deal,Mon–Fri,4pm-6pm,"drink, happy hour",https://www.dmagazine.com/guides/the-best-happy-hours-in-dallas/
Dakota's Steakhouse,600 N Akard St Dallas TX,32.7850,-96.8006,https://www.dakotassteakhouse.com/,Happy Hour,$12 Classic Cocktails,deal,Mon–Fri,4pm-6pm,"drink, happy hour",https://www.dmagazine.com/guides/the-best-happy-hours-in-dallas/
Frankie's Downtown,1303 Main St Dallas TX,32.7805,-96.8007,https://www.frankiesrestaurant.com/,Happy Hour,$4 Domestic Beers,deal,Mon–Fri,11am-7pm,"drink, happy hour",https://www.dmagazine.com/guides/the-best-happy-hours-in-dallas/
Frankie's Downtown,1303 Main St Dallas TX,32.7805,-96.8007,https://www.frankiesrestaurant.com/,Happy Hour,$7 Appetizers,deal,Mon–Fri,5pm-7pm,"food, happy hour",https://www.dmagazine.com/guides/the-best-happy-hours-in-dallas/
The French Room Bar,1321 Commerce St Dallas TX,32.7799,-96.7994,https://www.frenchroom.com/,Happy Hour,$7 Beers,deal,Mon–Thu,4pm-6pm,"drink, happy hour",https://www.dmagazine.com/guides/the-best-happy-hours-in-dallas/
The French Room Bar,1321 Commerce St Dallas TX,32.7799,-96.7994,https://www.frenchroom.com/,Happy Hour,$6 Appitizers,deal,Mon–Thu,4pm-6pm,"food, happy hour",https://www.dmagazine.com/guides/the-best-happy-hours-in-dallas/
Lee Harvey's,1807 Gould St Dallas TX,32.7679,-96.7895,https://www.leeharveys.com/,Happy Hour,$4 Domestics,deal,Mon–Thu,3pm-7pm,"drink, happy hour",https://www.dmagazine.com/guides/the-best-happy-hours-in-dallas/
Lee Harvey's,1807 Gould St Dallas TX,32.7679,-96.7895,https://www.leeharveys.com/,Happy Hour,$4 Wells,deal,Mon–Thu,3pm-7pm,"drink, happy hour",https://www.dmagazine.com/guides/the-best-happy-hours-in-dallas/
Rodeo Bar,1321 Commerce St Dallas TX,32.7799,-96.7995,https://www.rodeobar.com/,Happy Hour,$6 House Wine,deal,Mon–Fri,4pm-6pm,"drink, happy hour",https://www.dmagazine.com/guides/the-best-happy-hours-in-dallas/
Rodeo Bar,1321 Commerce St Dallas TX,32.7799,-96.7995,https://www.rodeobar.com/,Happy Hour,$6 Beer,deal,Mon–Fri,4pm-6pm,"drink, happy hour",https://www.dmagazine.com/guides/the-best-happy-hours-in-dallas/
Rodeo Bar,1321 Commerce St Dallas TX,32.7799,-96.7995,https://www.rodeobar.com/,Happy Hour,$6 Cocktails,deal,Mon–Fri,4pm-6pm,"drink, happy hour",https://www.dmagazine.com/guides/the-best-happy-hours-in-dallas/
Rodeo Bar,1321 Commerce St Dallas TX,32.7799,-96.7995,https://www.rodeobar.com/,Happy Hour,$6 Rodeo Burger,deal,Mon–Fri,4pm-6pm,"food, happy hour",https://www.dmagazine.com/guides/the-best-happy-hours-in-dallas/
Double D's,1404 N Riverfront Blvd Dallas TX,32.7902,-96.8200,https://www.doubledsbar.com/,Happy Hour,$7 Select Cocktails,deal,Wed–Sun,5pm-8pm,"drink, happy hour",https://www.dmagazine.com/guides/the-best-happy-hours-in-dallas/
Ferris Wheelers,1950 Market Center Blvd Dallas TX,32.7975,-96.8243,https://www.ferriswheelers.com/,Happy Hour,$3 Domestics,deal,Mon–Fri,4pm-7pm,"drink, happy hour",https://www.dmagazine.com/guides/the-best-happy-hours-in-dallas/
Ferris Wheelers,1950 Market Center Blvd Dallas TX,32.7975,-96.8243,https://www.ferriswheelers.com/,Happy Hour,$4 Wells,deal,Mon–Fri,4pm-7pm,"drink, happy hour",https://www.dmagazine.com/guides/the-best-happy-hours-in-dallas/
Ferris Wheelers,1950 Market Center Blvd Dallas TX,32.7975,-96.8243,https://www.ferriswheelers.com/,Happy Hour,$5 House Cocktails,deal,Mon–Fri,4pm-7pm,"drink, happy hour",https://www.dmagazine.com/guides/the-best-happy-hours-in-dallas/
HIDE,1928 Greenville Ave Dallas TX,32.8136,-96.7699,https://www.hidebar.com/,Happy Hour,$7 Cocktails,deal,Mon–Fri,3pm-6pm,"drink, happy hour",https://www.dallasobserver.com/food-drink/best-happy-hour-in-dallas-texas-19774239/
HIDE,1928 Greenville Ave Dallas TX,32.8136,-96.7699,https://www.hidebar.com/,Happy Hour,$5 Appitizer,deal,Mon–Fri,3pm-6pm,"food, happy hour",https://www.dallasobserver.com/food-drink/best-happy-hour-in-dallas-texas-19774239/
Harwood Arms,2823 McKinnon St Dallas TX,32.7950,-96.8085,https://www.harwoodarms.com/,Happy Hour,$4 Old Fashioned,deal,Mon–Thu,4pm-7pm,"drink, happy hour",https://www.dallasobserver.com/food-drink/best-happy-hour-in-dallas-texas-19774239/
Harwood Arms,2823 McKinnon St Dallas TX,32.7950,-96.8085,https://www.harwoodarms.com/,Happy Hour,$6–8 Small Plates,deal,Mon–Thu,4pm-7pm,"food, happy hour",https://www.dallasobserver.com/food-drink/best-happy-hour-in-dallas-texas-19774239/
Sundown at Granada,3520 Greenville Ave Dallas TX,32.8305,-96.7699,https://www.sundownatgranada.com/,Happy Hour,$4 Drafts,deal,Mon–Fri,11am-6pm,"drink, happy hour",https://dallasites101.com/blog/post/dallas-happy-hours-for-any-day-of-the-week/
Sundown at Granada,3520 Greenville Ave Dallas TX,32.8305,-96.7699,https://www.sundownatgranada.com/,Happy Hour,$6 Craft Cocktails,deal,Mon–Fri,11am-6pm,"drink, happy hour",https://dallasites101.com/blog/post/dallas-happy-hours-for-any-day-of-the-week/
Sundown at Granada,3520 Greenville Ave Dallas TX,32.8305,-96.7699,https://www.sundownatgranada.com/,Happy Hour,$6 Wine,deal,Mon–Fri,11am-6pm,"drink, happy hour",https://dallasites101.com/blog/post/dallas-happy-hours-for-any-day-of-the-week/
